{
  "project_info": {
    "project_number": "896204945282",
    "firebase_url": "https://pakringv2.firebaseio.com",
    "project_id": "pakringv2",
    "storage_bucket": "pakringv2.appspot.com"
  },
  "client": [
    {
      "client_info": {
        "mobilesdk_app_id": "1:896204945282:android:4dc6c53dd4a3e1d775019b",
        "android_client_info": {
          "package_name": "com.example.parkingv2"
        }
      },
      "oauth_client": [
        {
          "client_id": "896204945282-m46ph4kgso8386ouhgtrndjne9h5iivk.apps.googleusercontent.com",
          "client_type": 1,
          "android_info": {
            "package_name": "com.example.parkingv2",
            "certificate_hash": "f70b915cbcaaf92882cdaf508e0034fc2571fd11"
          }
        },
        {
          "client_id": "896204945282-fvrpidqvhav40s27ketod58q6spp76q0.apps.googleusercontent.com",
          "client_type": 3
        }
      ],
      "api_key": [
        {
          "current_key": "AIzaSyB47j05W6NgR7I65LhegV3DKQFxlcewdFQ"
        }
      ],
      "services": {
        "appinvite_service": {
          "other_platform_oauth_client": [
            {
              "client_id": "896204945282-fvrpidqvhav40s27ketod58q6spp76q0.apps.googleusercontent.com",
              "client_type": 3
            }
          ]
        }
      }
    }
  ],
  "configuration_version": "1"
}